レシピ名,区分,アイテム,個数
AIリミッター,制作,AIリミッター,1
AIリミッター,消費,銅板,5
AIリミッター,消費,クイックワイヤー,20
AI拡張サーバー,制作,AI拡張サーバー,1
AI拡張サーバー,消費,ダークマターの残留物,25
AI拡張サーバー,消費,磁界発生装置,1
AI拡張サーバー,消費,ニューラル量子プロセッサー,1
AI拡張サーバー,消費,重ね合わせ発振器,1
FICSITEのインゴット(アルミ),制作,FICSITEのインゴット,1
FICSITEのインゴット(アルミ),消費,活性SAM,2
FICSITEのインゴット(アルミ),消費,アルミのインゴット,4
FICSITEのインゴット(カテリウム),制作,FICSITEのインゴット,1
FICSITEのインゴット(カテリウム),消費,活性SAM,3
FICSITEのインゴット(カテリウム),消費,カテリウムのインゴット,4
FICSITEのインゴット(鉄),制作,FICSITEのインゴット,1
FICSITEのインゴット(鉄),消費,活性SAM,4
FICSITEのインゴット(鉄),消費,鉄のインゴット,24
FICSITEの三角板,制作,FICSITEの三角板,3
FICSITEの三角板,消費,FICSITEのインゴット,1
FICSONIUM,制作,FICSONIUM,1
FICSONIUM,消費,プルトニウム廃棄物,1
FICSONIUM,消費,シンギュラリティセル,1
FICSONIUM,消費,ダークマターの残留物,20
FICSONIUM燃料棒,制作,FICSONIUM燃料棒,1
FICSONIUM燃料棒,消費,ダークマターの残留物,20
FICSONIUM燃料棒,消費,FICSONIUM,2
FICSONIUM燃料棒,消費,電磁制御棒,2
FICSONIUM燃料棒,消費,FICSITEの三角板,40
SAM変動機,制作,SAM変動機,1
SAM変動機,消費,活性SAM,6
SAM変動機,消費,ワイヤー,5
SAM変動機,消費,鋼管,3
アルクラッド・アルミシート,制作,アルクラッド・アルミシート,3
アルクラッド・アルミシート,消費,アルミのインゴット,3
アルクラッド・アルミシート,消費,銅のインゴット,1
アルミナ溶液,制作,アルミナ溶液,12
アルミナ溶液,消費,シリカ,5
アルミナ溶液,消費,ボーキサイト,12
アルミナ溶液,消費,水,18
アルミのインゴット,制作,アルミのインゴット,4
アルミのインゴット,消費,アルミのスクラップ,6
アルミのインゴット,消費,シリカ,5
アルミのスクラップ,制作,アルミのスクラップ,6
アルミのスクラップ,消費,水,2
アルミのスクラップ,消費,アルミナ溶液,4
アルミのスクラップ,消費,石炭,2
アルミ筐体,制作,アルミ筐体,2
アルミ筐体,消費,アルミのインゴット,3
イオン燃料,制作,イオン燃料,16
イオン燃料,消費,圧縮石炭,2
イオン燃料,消費,ロケット燃料,16
イオン燃料,消費,パワー・シャード,1
ウラン鉱石（ボーキサイト）,制作,ウラン,12
ウラン鉱石（ボーキサイト）,消費,活性SAM,1
ウラン鉱石（ボーキサイト）,消費,ボーキサイト,48
ウラン燃料棒,制作,ウラン燃料棒,1
ウラン燃料棒,消費,被覆型ウラン･セル,50
ウラン燃料棒,消費,コンクリート被覆型鋼梁,3
ウラン燃料棒,消費,電磁制御棒,5
エイリアンのDNAカプセル,制作,エイリアンのDNAカプセル,1
エイリアンのDNAカプセル,消費,エイリアンのタンパク質,1
ガス・ノーベリスク,制作,ガス・ノーベリスク,1
ガス・ノーベリスク,消費,ノーベリスク,1
ガス・ノーベリスク,消費,バイオマス,10
ガスフィルター,制作,ガスフィルター,1
ガスフィルター,消費,石炭,5
ガスフィルター,消費,ゴム,2
ガスフィルター,消費,布地,2
カテリウムのインゴット,制作,カテリウムのインゴット,1
カテリウムのインゴット,消費,カテリウム鉱石,3
カテリウム鉱石（石英）,制作,カテリウム鉱石,12
カテリウム鉱石（石英）,消費,活性SAM,1
カテリウム鉱石（石英）,消費,未加工石英,12
カテリウム鉱石（銅）,制作,カテリウム鉱石,12
カテリウム鉱石（銅）,消費,活性SAM,1
カテリウム鉱石（銅）,消費,銅鉱石,15
カラー弾薬,制作,カラー弾薬,10
カラー弾薬,消費,花弁,5
クイックワイヤー,制作,クイックワイヤー,5
クイックワイヤー,消費,カテリウムのインゴット,1
クラスター・ノーベリスク,制作,クラスター・ノーベリスク,1
クラスター・ノーベリスク,消費,ノーベリスク,3
クラスター・ノーベリスク,消費,無煙火薬,4
ケーブル,制作,ケーブル,1
ケーブル,消費,ワイヤー,2
ゴム,制作,ゴム,2
ゴム,消費,廃重油,2
ゴム,消費,原油,3
コンクリート,制作,コンクリート,1
コンクリート,消費,石灰岩,3
コンクリート被覆型鋼梁,制作,コンクリート被覆型鋼梁,1
コンクリート被覆型鋼梁,消費,鋼梁,3
コンクリート被覆型鋼梁,消費,コンクリート,6
コンピューター,制作,コンピューター,1
コンピューター,消費,回路基板,4
コンピューター,消費,ケーブル,8
コンピューター,消費,プラスチック,16
シリカ,制作,シリカ,5
シリカ,消費,未加工石英,3
シンギュラリティセル,制作,シンギュラリティセル,10
シンギュラリティセル,消費,核パスタ,1
シンギュラリティセル,消費,ダークマターの結晶,20
シンギュラリティセル,消費,鉄板,100
シンギュラリティセル,消費,コンクリート,200
スーパーコンピューター,制作,スーパーコンピューター,1
スーパーコンピューター,消費,コンピューター,4
スーパーコンピューター,消費,AIリミッター,2
スーパーコンピューター,消費,高速コネクター,3
スーパーコンピューター,消費,プラスチック,28
スタン鉄筋,制作,スタン鉄筋,1
スタン鉄筋,消費,鉄筋,1
スタン鉄筋,消費,クイックワイヤー,5
スティンガーのタンパク質,制作,エイリアンのタンパク質,1
スティンガーのタンパク質,消費,スティンガーの遺骸,1
スピッターのタンパク質,制作,エイリアンのタンパク質,1
スピッターのタンパク質,消費,プラズマ・スピッターの遺骸,1
スマート・プレート,制作,スマート・プレート,1
スマート・プレート,消費,強化鉄板,1
スマート・プレート,消費,ローター,1
ダークマターの結晶,制作,ダークマターの結晶,1
ダークマターの結晶,消費,ダイヤモンド,1
ダークマターの結晶,消費,ダークマターの残留物,5
ダークマターの残留物,制作,ダークマターの残留物,10
ダークマターの残留物,消費,活性SAM,5
ターボ・モーター,制作,ターボ・モーター,1
ターボ・モーター,消費,冷却システム,4
ターボ・モーター,消費,無線制御ユニット,2
ターボ・モーター,消費,モーター,4
ターボ・モーター,消費,ゴム,24
ターボライフル弾,制作,ターボライフル弾,50
ターボライフル弾,制作,ターボライフル弾,50
ターボライフル弾,消費,ライフル弾,25
ターボライフル弾,消費,ライフル弾,25
ターボライフル弾,消費,アルミ筐体,3
ターボライフル弾,消費,アルミ筐体,3
ターボライフル弾,消費,ターボ燃料,3
ターボライフル弾,消費,容器入りターボ燃料,3
ターボ燃料,制作,ターボ燃料,5
ターボ燃料,消費,燃料,6
ターボ燃料,消費,圧縮石炭,4
ダイヤモンド,制作,ダイヤモンド,1
ダイヤモンド,消費,石炭,20
ニューク・ノーベリスク,制作,ニューク・ノーベリスク,1
ニューク・ノーベリスク,消費,ノーベリスク,5
ニューク・ノーベリスク,消費,被覆型ウラン･セル,20
ニューク・ノーベリスク,消費,無煙火薬,10
ニューク・ノーベリスク,消費,AIリミッター,6
ニューラル量子プロセッサー,制作,ニューラル量子プロセッサー,1
ニューラル量子プロセッサー,消費,ダークマターの残留物,25
ニューラル量子プロセッサー,消費,時の結晶,5
ニューラル量子プロセッサー,消費,スーパーコンピューター,1
ニューラル量子プロセッサー,消費,FICSITEの三角板,15
ネジ,制作,ネジ,4
ネジ,消費,鉄のロッド,1
ノーベリスク,制作,ノーベリスク,1
ノーベリスク,消費,黒色火薬,2
ノーベリスク,消費,鋼管,2
バイオマス(エイリアンのタンパク質),制作,バイオマス,100
バイオマス(エイリアンのタンパク質),消費,エイリアンのタンパク質,1
バイオマス(菌糸),制作,バイオマス,10
バイオマス(菌糸),消費,菌糸,1
バイオマス(木),制作,バイオマス,20
バイオマス(木),消費,木,4
バイオマス(葉),制作,バイオマス,5
バイオマス(葉),消費,葉,10
ハッチャーのタンパク質,制作,エイリアンのタンパク質,1
ハッチャーのタンパク質,消費,ハッチャーの遺骸,1
バッテリー,制作,バッテリー,1
バッテリー,消費,水,2
バッテリー,消費,硫酸,2
バッテリー,消費,アルミナ溶液,2
バッテリー,消費,アルミ筐体,1
パルス・ノーベリスク,制作,パルス・ノーベリスク,5
パルス・ノーベリスク,消費,ノーベリスク,5
パルス・ノーベリスク,消費,水晶発振器,1
パワー・シャード(1),制作,パワー・シャード,1
パワー・シャード(1),消費,青のパワー・スラッグ,1
パワー・シャード(2),制作,パワー・シャード,2
パワー・シャード(2),消費,黄のパワー・スラッグ,1
パワー・シャード(5),制作,パワー・シャード,5
パワー・シャード(5),消費,紫のパワー・スラッグ,1
ヒートシンク,制作,ヒートシンク,1
ヒートシンク,消費,アルクラッド・アルミシート,5
ヒートシンク,消費,銅板,3
プラスチック,制作,プラスチック,2
プラスチック,消費,廃重油,1
プラスチック,消費,原油,3
プルトニウム・ペレット,制作,プルトニウム・ペレット,30
プルトニウム・ペレット,消費,非分裂性ウラン,100
プルトニウム・ペレット,消費,ウラン廃棄物,25
プルトニウム燃料棒,制作,プルトニウム燃料棒,1
プルトニウム燃料棒,消費,被覆型プルトニウム・セル,30
プルトニウム燃料棒,消費,鋼梁,18
プルトニウム燃料棒,消費,電磁制御棒,6
プルトニウム燃料棒,消費,ヒートシンク,10
ヘビー・モジュラー・フレーム,制作,ヘビー・モジュラー・フレーム,1
ヘビー・モジュラー・フレーム,消費,モジュラー・フレーム,5
ヘビー・モジュラー・フレーム,消費,鋼管,20
ヘビー・モジュラー・フレーム,消費,コンクリート被覆型鋼梁,5
ヘビー・モジュラー・フレーム,消費,ネジ,120
ボーキサイト（カテリウム）,制作,ボーキサイト,12
ボーキサイト（カテリウム）,消費,活性SAM,1
ボーキサイト（カテリウム）,消費,カテリウム鉱石,15
ボーキサイト（銅）,制作,ボーキサイト,12
ボーキサイト（銅）,消費,活性SAM,1
ボーキサイト（銅）,消費,銅鉱石,18
ホーミングライフル弾,制作,ホーミングライフル弾,10
ホーミングライフル弾,消費,ライフル弾,20
ホーミングライフル弾,消費,高速コネクター,1
ホッグのタンパク質,制作,エイリアンのタンパク質,1
ホッグのタンパク質,消費,ホッグの遺骸,1
モーター,制作,モーター,1
モーター,消費,ローター,2
モーター,消費,固定子,2
モジュラー・フレーム,制作,モジュラー・フレーム,2
モジュラー・フレーム,消費,強化鉄板,3
モジュラー・フレーム,消費,鉄のロッド,12
モジュラーエンジン,制作,モジュラーエンジン,1
モジュラーエンジン,消費,モーター,2
モジュラーエンジン,消費,ゴム,15
モジュラーエンジン,消費,スマート・プレート,2
ヨウ素充填フィルター,制作,ヨウ素充填フィルター,1
ヨウ素充填フィルター,消費,ガスフィルター,1
ヨウ素充填フィルター,消費,クイックワイヤー,8
ヨウ素充填フィルター,消費,アルミ筐体,1
ライフル弾,制作,ライフル弾,15
ライフル弾,消費,銅板,3
ライフル弾,消費,無煙火薬,2
ローター,制作,ローター,1
ローター,消費,鉄のロッド,5
ローター,消費,ネジ,25
ロケット燃料,制作,ロケット燃料,10
ロケット燃料,消費,圧縮石炭,1
ロケット燃料,消費,ターボ燃料,6
ロケット燃料,消費,硝酸,1
ワイヤー,制作,ワイヤー,2
ワイヤー,消費,銅のインゴット,1
圧力変換キューブ,制作,圧力変換キューブ,1
圧力変換キューブ,消費,溶融モジュラー・フレーム,1
圧力変換キューブ,消費,無線制御ユニット,2
異星のパワーマトリックス,制作,異星のパワーマトリックス,1
異星のパワーマトリックス,消費,ダークマターの残留物,24
異星のパワーマトリックス,消費,SAM変動機,5
異星のパワーマトリックス,消費,パワー・シャード,3
異星のパワーマトリックス,消費,重ね合わせ発振器,3
液体バイオ燃料,制作,液体バイオ燃料,4
液体バイオ燃料,消費,固体バイオ燃料,6
液体バイオ燃料,消費,水,3
回路基板,制作,回路基板,1
回路基板,消費,銅板,2
回路基板,消費,プラスチック,4
開封されたイオン燃料,制作,イオン燃料,4
開封されたイオン燃料,制作,空の液体タンク,2
開封されたイオン燃料,消費,包装済みイオン燃料,2
開封されたロケット燃料,制作,ロケット燃料,2
開封されたロケット燃料,制作,空の液体タンク,1
開封されたロケット燃料,消費,包装済みロケット燃料,1
核パスタ,制作,核パスタ,1
核パスタ,消費,銅粉,200
核パスタ,消費,圧力変換キューブ,1
活性SAM,制作,活性SAM,1
活性SAM,消費,SAM,4
強化鉄板,制作,強化鉄板,1
強化鉄板,消費,鉄板,6
強化鉄板,消費,ネジ,12
空の液体タンク,制作,空の液体タンク,1
空の液体タンク,消費,アルミのインゴット,1
空の容器,制作,空の容器,4
空の容器,消費,プラスチック,2
原子力発電所　電力生成時,制作,ウラン廃棄物,50
原子力発電所　電力生成時,制作,プルトニウム廃棄物,10
原子力発電所　電力生成時,消費,ウラン燃料棒,1
原子力発電所　電力生成時,消費,プルトニウム燃料棒,1
原子力発電所　電力生成時,消費,水,1200
原子力発電所　電力生成時,消費,水,2400
原油･容器取り出し,制作,原油,2
原油･容器取り出し,制作,空の容器,2
原油･容器取り出し,消費,容器入り原油,2
固体バイオ燃料,制作,固体バイオ燃料,4
固体バイオ燃料,消費,バイオマス,8
固定子,制作,固定子,1
固定子,消費,鋼管,3
固定子,消費,ワイヤー,8
鋼管,制作,鋼管,2
鋼管,消費,鋼鉄のインゴット,3
鋼鉄のインゴット,制作,鋼鉄のインゴット,3
鋼鉄のインゴット,消費,鉄鉱石,3
鋼鉄のインゴット,消費,石炭,3
鋼梁,制作,鋼梁,1
鋼梁,消費,鋼鉄のインゴット,4
高速コネクター,制作,高速コネクター,1
高速コネクター,消費,クイックワイヤー,56
高速コネクター,消費,ケーブル,10
高速コネクター,消費,回路基板,1
合成パワー・シャード,制作,パワー・シャード,1
合成パワー・シャード,消費,ダークマターの残留物,12
合成パワー・シャード,消費,時の結晶,2
合成パワー・シャード,消費,ダークマターの結晶,2
合成パワー・シャード,消費,石英結晶,12
黒色火薬,制作,黒色火薬,2
黒色火薬,消費,石炭,1
黒色火薬,消費,硫黄,1
残留ゴム,制作,ゴム,2
残留ゴム,消費,合成樹脂,4
残留ゴム,消費,水,4
残留プラスチック,制作,プラスチック,2
残留プラスチック,消費,合成樹脂,6
残留プラスチック,消費,水,2
残留燃料,制作,燃料,4
残留燃料,消費,廃重油,6
時の結晶,制作,時の結晶,1
時の結晶,消費,ダイヤモンド,2
磁界発生装置,制作,磁界発生装置,2
磁界発生装置,消費,多目的フレームワーク,5
磁界発生装置,消費,電磁制御棒,2
自動ワイヤー,制作,自動ワイヤー,1
自動ワイヤー,消費,固定子,1
自動ワイヤー,消費,ケーブル,20
自律制御ユニット,制作,自律制御ユニット,1
自律制御ユニット,消費,自動ワイヤー,5
自律制御ユニット,消費,回路基板,5
自律制御ユニット,消費,ヘビー・モジュラー・フレーム,1
自律制御ユニット,消費,コンピューター,2
重ね合わせ発振器,制作,重ね合わせ発振器,1
重ね合わせ発振器,消費,ダークマターの残留物,25
重ね合わせ発振器,消費,ダークマターの結晶,6
重ね合わせ発振器,消費,水晶発振器,1
重ね合わせ発振器,消費,アルクラッド・アルミシート,9
硝酸,制作,硝酸,3
硝酸,消費,窒素ガス,12
硝酸,消費,水,3
硝酸,消費,鉄板,1
水･容器取り出し,制作,水,2
水･容器取り出し,制作,空の容器,2
水･容器取り出し,消費,容器入り水,2
水晶発振器,制作,水晶発振器,2
水晶発振器,消費,石英結晶,36
水晶発振器,消費,ケーブル,28
水晶発振器,消費,強化鉄板,5
生化学スカルプター,制作,生化学スカルプター,4
生化学スカルプター,消費,組立指揮システム,1
生化学スカルプター,消費,FICSITEの三角板,80
生化学スカルプター,消費,水,20
石英結晶,制作,石英結晶,3
石英結晶,消費,未加工石英,5
石灰岩（硫黄）,制作,石灰岩,12
石灰岩（硫黄）,消費,活性SAM,1
石灰岩（硫黄）,消費,硫黄,2
石炭（石灰岩）,制作,石炭,12
石炭（石灰岩）,消費,活性SAM,1
石炭（石灰岩）,消費,石灰岩,36
石炭（鉄）,制作,石炭,12
石炭（鉄）,消費,活性SAM,1
石炭（鉄）,消費,鉄鉱石,18
石油コークス,制作,石油コークス,12
石油コークス,消費,廃重油,4
組立指揮システム,制作,組立指揮システム,1
組立指揮システム,消費,自律制御ユニット,2
組立指揮システム,消費,スーパーコンピューター,1
多目的フレームワーク,制作,多目的フレームワーク,2
多目的フレームワーク,消費,モジュラー・フレーム,1
多目的フレームワーク,消費,鋼梁,12
代替: アルクラッド筐体,制作,アルミ筐体,15
代替: アルクラッド筐体,消費,アルミのインゴット,20
代替: アルクラッド筐体,消費,銅のインゴット,10
代替: アルミ梁,制作,鋼梁,3
代替: アルミ梁,消費,アルミのインゴット,3
代替: ウラン燃料ユニット,制作,ウラン燃料棒,3
代替: ウラン燃料ユニット,消費,被覆型ウラン･セル,100
代替: ウラン燃料ユニット,消費,電磁制御棒,10
代替: ウラン燃料ユニット,消費,水晶発振器,3
代替: ウラン燃料ユニット,消費,ローター,10
代替: オーバークロック・スーパーコンピューター,制作,スーパーコンピューター,1
代替: オーバークロック・スーパーコンピューター,消費,無線制御ユニット,2
代替: オーバークロック・スーパーコンピューター,消費,冷却システム,2
代替: カテリウム・コンピューター,制作,コンピューター,1
代替: カテリウム・コンピューター,消費,回路基板,4
代替: カテリウム・コンピューター,消費,クイックワイヤー,14
代替: カテリウム・コンピューター,消費,ゴム,6
代替: カテリウム・ワイヤー,制作,ワイヤー,8
代替: カテリウム・ワイヤー,消費,カテリウムのインゴット,1
代替: カテリウム回路基板,制作,回路基板,7
代替: カテリウム回路基板,消費,プラスチック,10
代替: カテリウム回路基板,消費,クイックワイヤー,30
代替: クイックワイヤー・ケーブル,制作,ケーブル,11
代替: クイックワイヤー・ケーブル,消費,クイックワイヤー,3
代替: クイックワイヤー・ケーブル,消費,ゴム,2
代替: クイックワイヤー固定子,制作,固定子,2
代替: クイックワイヤー固定子,消費,鋼管,4
代替: クイックワイヤー固定子,消費,クイックワイヤー,15
代替: クラシック・バッテリー,制作,バッテリー,4
代替: クラシック・バッテリー,消費,硫黄,6
代替: クラシック・バッテリー,消費,アルクラッド・アルミシート,7
代替: クラシック・バッテリー,消費,プラスチック,8
代替: クラシック・バッテリー,消費,ワイヤー,12
代替: クリスタル・コンピューター,制作,コンピューター,2
代替: クリスタル・コンピューター,消費,回路基板,3
代替: クリスタル・コンピューター,消費,水晶発振器,1
代替: コークス鋼のインゴット,制作,鋼鉄のインゴット,20
代替: コークス鋼のインゴット,消費,鉄鉱石,15
代替: コークス鋼のインゴット,消費,石油コークス,15
代替: コンクリート被覆型鋼管,制作,コンクリート被覆型鋼梁,1
代替: コンクリート被覆型鋼管,消費,鋼管,6
代替: コンクリート被覆型鋼管,消費,コンクリート,5
代替: シリコン回路基板,制作,回路基板,5
代替: シリコン回路基板,消費,銅板,11
代替: シリコン回路基板,消費,シリカ,11
代替: シリコン高速コネクター,制作,高速コネクター,2
代替: シリコン高速コネクター,消費,クイックワイヤー,60
代替: シリコン高速コネクター,消費,シリカ,25
代替: シリコン高速コネクター,消費,回路基板,2
代替: ダークイオン燃料,制作,イオン燃料,10
代替: ダークイオン燃料,消費,圧縮石炭,2
代替: ダークイオン燃料,消費,包装済みロケット燃料,12
代替: ダークイオン燃料,消費,ダークマターの結晶,4
代替: ダークマターのトラップ,制作,ダークマターの結晶,2
代替: ダークマターのトラップ,消費,時の結晶,1
代替: ダークマターのトラップ,消費,ダークマターの残留物,5
代替: ダークマターの結晶化,制作,ダークマターの結晶,1
代替: ダークマターの結晶化,消費,ダークマターの残留物,10
代替: ターボ・プレッシャー・モーター,制作,ターボ・モーター,2
代替: ターボ・プレッシャー・モーター,消費,モーター,4
代替: ターボ・プレッシャー・モーター,消費,圧力変換キューブ,1
代替: ターボ・プレッシャー・モーター,消費,容器入り窒素ガス,24
代替: ターボ・プレッシャー・モーター,消費,固定子,8
代替: ターボ重油,制作,ターボ燃料,4
代替: ターボ重油,消費,廃重油,5
代替: ターボ重油,消費,圧縮石炭,4
代替: ターボ電動モーター,制作,ターボ・モーター,3
代替: ターボ電動モーター,消費,モーター,7
代替: ターボ電動モーター,消費,無線制御ユニット,9
代替: ターボ電動モーター,消費,電磁制御棒,5
代替: ターボ電動モーター,消費,ローター,7
代替: ダイヤモンド(ターボ),制作,ダイヤモンド,3
代替: ダイヤモンド(ターボ),消費,石炭,30
代替: ダイヤモンド(ターボ),消費,容器入りターボ燃料,2
代替: ダイヤモンド(ピンク),制作,ダイヤモンド,1
代替: ダイヤモンド(ピンク),消費,石炭,8
代替: ダイヤモンド(ピンク),消費,石英結晶,3
代替: ダイヤモンド(石油),制作,ダイヤモンド,1
代替: ダイヤモンド(石油),消費,石油コークス,24
代替: ダイヤモンド(曇り),制作,ダイヤモンド,1
代替: ダイヤモンド(曇り),消費,石炭,12
代替: ダイヤモンド(曇り),消費,石灰岩,24
代替: ダイヤモンド(油性),制作,ダイヤモンド,2
代替: ダイヤモンド(油性),消費,原油,10
代替: ニトロロケット燃料,制作,ロケット燃料,6
代替: ニトロロケット燃料,消費,圧縮石炭,1
代替: ニトロロケット燃料,消費,燃料,4
代替: ニトロロケット燃料,消費,窒素ガス,3
代替: ニトロロケット燃料,消費,硫黄,4
代替: ネジ留めフレーム,制作,モジュラー・フレーム,2
代替: ネジ留めフレーム,消費,強化鉄板,3
代替: ネジ留めフレーム,消費,ネジ,56
代替: ネジ留め鉄板,制作,強化鉄板,3
代替: ネジ留め鉄板,消費,鉄板,18
代替: ネジ留め鉄板,消費,ネジ,50
代替: バイオ炭,制作,石炭,6
代替: バイオ炭,消費,バイオマス,5
代替: プラスチック・スマート・プレート,制作,スマート・プレート,2
代替: プラスチック・スマート・プレート,消費,強化鉄板,1
代替: プラスチック・スマート・プレート,消費,ローター,1
代替: プラスチック・スマート・プレート,消費,プラスチック,3
代替: プラスチックAIリミッター,制作,AIリミッター,2
代替: プラスチックAIリミッター,消費,クイックワイヤー,30
代替: プラスチックAIリミッター,消費,プラスチック,7
代替: プルトニウム燃料ユニット,制作,プルトニウム燃料棒,1
代替: プルトニウム燃料ユニット,消費,被覆型プルトニウム・セル,20
代替: プルトニウム燃料ユニット,消費,圧力変換キューブ,1
代替: フレキシブル・フレームワーク,制作,多目的フレームワーク,2
代替: フレキシブル・フレームワーク,消費,モジュラー・フレーム,1
代替: フレキシブル・フレームワーク,消費,鋼梁,6
代替: フレキシブル・フレームワーク,消費,ゴム,8
代替: ヘビー・フレキシブル・フレーム,制作,ヘビー・モジュラー・フレーム,1
代替: ヘビー・フレキシブル・フレーム,消費,モジュラー・フレーム,5
代替: ヘビー・フレキシブル・フレーム,消費,コンクリート被覆型鋼梁,3
代替: ヘビー・フレキシブル・フレーム,消費,ゴム,20
代替: ヘビー・フレキシブル・フレーム,消費,ネジ,104
代替: ポリエステル生地,制作,布地,1
代替: ポリエステル生地,消費,合成樹脂,1
代替: ポリエステル生地,消費,水,1
代替: ラバー・コンクリート,制作,コンクリート,9
代替: ラバー・コンクリート,消費,石灰岩,10
代替: ラバー・コンクリート,消費,ゴム,2
代替: リサイクル・ゴム,制作,ゴム,12
代替: リサイクル・ゴム,消費,プラスチック,6
代替: リサイクル・ゴム,消費,燃料,6
代替: リサイクル・プラスチック,制作,プラスチック,12
代替: リサイクル・プラスチック,消費,ゴム,6
代替: リサイクル・プラスチック,消費,燃料,6
代替: 圧縮鋼のインゴット,制作,鋼鉄のインゴット,4
代替: 圧縮鋼のインゴット,消費,鉄鉱石,2
代替: 圧縮鋼のインゴット,消費,圧縮石炭,1
代替: 圧縮石炭,制作,圧縮石炭,5
代替: 圧縮石炭,消費,石炭,5
代替: 圧縮石炭,消費,硫黄,5
代替: 汚濁アルミナ溶液,制作,アルミナ溶液,12
代替: 汚濁アルミナ溶液,消費,ボーキサイト,10
代替: 汚濁アルミナ溶液,消費,水,10
代替: 希釈燃料,制作,燃料,10
代替: 希釈燃料,消費,廃重油,5
代替: 希釈燃料,消費,水,10
代替: 鋼鉄のネジ,制作,ネジ,52
代替: 鋼鉄のネジ,消費,鋼梁,1
代替: 鋼鉄のフレーム,制作,モジュラー・フレーム,3
代替: 鋼鉄のフレーム,消費,強化鉄板,2
代替: 鋼鉄のフレーム,消費,鋼管,10
代替: 鋼鉄のローター,制作,ローター,1
代替: 鋼鉄のローター,消費,鋼管,2
代替: 鋼鉄のローター,消費,ワイヤー,6
代替: 鋼鉄のロッド,制作,鉄のロッド,4
代替: 鋼鉄のロッド,消費,鋼鉄のインゴット,1
代替: 鋼鉄容器,制作,空の容器,4
代替: 鋼鉄容器,消費,鋼鉄のインゴット,4
代替: 高密度鋼のインゴット,制作,鋼鉄のインゴット,3
代替: 高密度鋼のインゴット,消費,鉄のインゴット,2
代替: 高密度鋼のインゴット,消費,石炭,2
代替: 合成樹脂,制作,合成樹脂,13
代替: 合成樹脂,消費,廃重油,2
代替: 合成樹脂,消費,原油,6
代替: 黒鉛電極・回路基板,制作,回路基板,1
代替: 黒鉛電極・回路基板,消費,ゴム,4
代替: 黒鉛電極・回路基板,消費,石油コークス,8
代替: 混合ターボ燃料,制作,ターボ燃料,6
代替: 混合ターボ燃料,消費,燃料,2
代替: 混合ターボ燃料,消費,廃重油,4
代替: 混合ターボ燃料,消費,硫黄,3
代替: 混合ターボ燃料,消費,石油コークス,3
代替: 自動スピードワイヤー,制作,自動ワイヤー,4
代替: 自動スピードワイヤー,消費,固定子,2
代替: 自動スピードワイヤー,消費,ワイヤー,40
代替: 自動スピードワイヤー,消費,高速コネクター,1
代替: 自動採鉱機,制作,携帯式採鉱機,1
代替: 自動採鉱機,消費,モーター,1
代替: 自動採鉱機,消費,鋼管,4
代替: 自動採鉱機,消費,鉄のロッド,4
代替: 自動採鉱機,消費,鉄板,2
代替: 純アルミニウムのインゴット,制作,アルミのインゴット,1
代替: 純アルミニウムのインゴット,消費,アルミのスクラップ,2
代替: 純カテリウムのインゴット,制作,カテリウムのインゴット,1
代替: 純カテリウムのインゴット,消費,カテリウム鉱石,2
代替: 純カテリウムのインゴット,消費,水,2
代替: 純石英結晶,制作,石英結晶,7
代替: 純石英結晶,消費,未加工石英,9
代替: 純石英結晶,消費,水,5
代替: 純鉄のインゴット,制作,鉄のインゴット,13
代替: 純鉄のインゴット,消費,鉄鉱石,7
代替: 純鉄のインゴット,消費,水,4
代替: 純銅のインゴット,制作,銅のインゴット,15
代替: 純銅のインゴット,消費,銅鉱石,6
代替: 純銅のインゴット,消費,水,4
代替: 焼き戻しカテリウムのインゴット,制作,カテリウムのインゴット,3
代替: 焼き戻しカテリウムのインゴット,消費,カテリウム鉱石,6
代替: 焼き戻しカテリウムのインゴット,消費,石油コークス,2
代替: 焼き戻し銅のインゴット,制作,銅のインゴット,12
代替: 焼き戻し銅のインゴット,消費,銅鉱石,5
代替: 焼き戻し銅のインゴット,消費,石油コークス,8
代替: 上質コンクリート,制作,コンクリート,10
代替: 上質コンクリート,消費,シリカ,3
代替: 上質コンクリート,消費,石灰岩,12
代替: 上質黒色火薬,制作,黒色火薬,4
代替: 上質黒色火薬,消費,硫黄,2
代替: 上質黒色火薬,消費,圧縮石炭,1
代替: 蒸気加熱銅板,制作,銅板,3
代替: 蒸気加熱銅板,消費,銅のインゴット,3
代替: 蒸気加熱銅板,消費,水,3
代替: 蒸留シリカ,制作,シリカ,27
代替: 蒸留シリカ,消費,水,8
代替: 蒸留シリカ,消費,溶解シリカ,12
代替: 蒸留シリカ,消費,石灰岩,5
代替: 蒸留シリカ,消費,水,10
代替: 親物質性ウラン,制作,非分裂性ウラン,20
代替: 親物質性ウラン,消費,水,8
代替: 親物質性ウラン,消費,ウラン,5
代替: 親物質性ウラン,消費,ウラン廃棄物,5
代替: 親物質性ウラン,消費,硝酸,3
代替: 成形された梁,制作,鋼梁,9
代替: 成形された梁,消費,鋼鉄のインゴット,24
代替: 成形された梁,消費,コンクリート,16
代替: 成形鋼管,制作,鋼管,5
代替: 成形鋼管,消費,鋼鉄のインゴット,5
代替: 成形鋼管,消費,コンクリート,3
代替: 生コンクリート,制作,コンクリート,4
代替: 生コンクリート,消費,石灰岩,6
代替: 生コンクリート,消費,水,5
代替: 精製石英結晶,制作,石英結晶,15
代替: 精製石英結晶,消費,溶解シリカ,12
代替: 精製石英結晶,消費,未加工石英,24
代替: 精製石英結晶,消費,硝酸,2
代替: 精密モーター,制作,モーター,6
代替: 精密モーター,消費,ローター,3
代替: 精密モーター,消費,固定子,3
代替: 精密モーター,消費,水晶発振器,1
代替: 接着鉄板,制作,強化鉄板,1
代替: 接着鉄板,消費,鉄板,3
代替: 接着鉄板,消費,ゴム,1
代替: 絶縁ケーブル,制作,ケーブル,20
代替: 絶縁ケーブル,消費,ワイヤー,9
代替: 絶縁ケーブル,消費,ゴム,6
代替: 絶縁水晶発振器,制作,水晶発振器,1
代替: 絶縁水晶発振器,消費,石英結晶,10
代替: 絶縁水晶発振器,消費,ゴム,7
代替: 絶縁水晶発振器,消費,AIリミッター,1
代替: 即席スクラップ,制作,アルミのスクラップ,30
代替: 即席スクラップ,消費,水,5
代替: 即席スクラップ,消費,ボーキサイト,15
代替: 即席スクラップ,消費,石炭,10
代替: 即席スクラップ,消費,硫酸,5
代替: 即席プルトニウム・セル,制作,被覆型プルトニウム・セル,20
代替: 即席プルトニウム・セル,消費,非分裂性ウラン,150
代替: 即席プルトニウム・セル,消費,アルミ筐体,20
代替: 抽出カテリウムのインゴット,制作,カテリウムのインゴット,6
代替: 抽出カテリウムのインゴット,消費,カテリウム鉱石,9
代替: 抽出カテリウムのインゴット,消費,硫酸,5
代替: 抽出鉄のインゴット,制作,鉄のインゴット,10
代替: 抽出鉄のインゴット,消費,鉄鉱石,5
代替: 抽出鉄のインゴット,消費,硫酸,1
代替: 抽出銅のインゴット,制作,銅のインゴット,22
代替: 抽出銅のインゴット,消費,銅鉱石,9
代替: 抽出銅のインゴット,消費,硫酸,5
代替: 注入型ウラン・セル,制作,被覆型ウラン･セル,4
代替: 注入型ウラン・セル,消費,ウラン,5
代替: 注入型ウラン・セル,消費,シリカ,3
代替: 注入型ウラン・セル,消費,硫黄,5
代替: 注入型ウラン・セル,消費,クイックワイヤー,15
代替: 鋳造ネジ,制作,ネジ,20
代替: 鋳造ネジ,消費,鉄のインゴット,5
代替: 鋳造鋼板,制作,鉄板,3
代替: 鋳造鋼板,消費,鉄のインゴット,15
代替: 鋳造鋼板,消費,鋼鉄のインゴット,15
代替: 超性能コンピューター,制作,スーパーコンピューター,1
代替: 超性能コンピューター,消費,コンピューター,3
代替: 超性能コンピューター,消費,電磁制御棒,1
代替: 超性能コンピューター,消費,バッテリー,10
代替: 超性能コンピューター,消費,ワイヤー,25
代替: 鉄のパイプ,制作,鋼管,5
代替: 鉄のパイプ,消費,鉄のインゴット,20
代替: 鉄のワイヤー,制作,ワイヤー,9
代替: 鉄のワイヤー,消費,鉄のインゴット,5
代替: 鉄合金のインゴット,制作,鉄のインゴット,15
代替: 鉄合金のインゴット,消費,鉄鉱石,8
代替: 鉄合金のインゴット,消費,銅鉱石,2
代替: 電極アルミ・スクラップ,制作,アルミのスクラップ,20
代替: 電極アルミ・スクラップ,消費,水,7
代替: 電極アルミ・スクラップ,消費,アルミナ溶液,12
代替: 電極アルミ・スクラップ,消費,石油コークス,4
代替: 電磁接続棒,制作,電磁制御棒,2
代替: 電磁接続棒,消費,固定子,2
代替: 電磁接続棒,消費,高速コネクター,1
代替: 電動モーター,制作,モーター,2
代替: 電動モーター,消費,電磁制御棒,1
代替: 電動モーター,消費,ローター,2
代替: 銅のローター,制作,ローター,3
代替: 銅のローター,消費,銅板,6
代替: 銅のローター,消費,ネジ,52
代替: 銅合金のインゴット,制作,銅のインゴット,10
代替: 銅合金のインゴット,消費,銅鉱石,5
代替: 銅合金のインゴット,消費,鉄鉱石,5
代替: 熱交換器,制作,ヒートシンク,1
代替: 熱交換器,消費,アルミ筐体,3
代替: 熱交換器,消費,ゴム,3
代替: 熱融合フレーム,制作,溶融モジュラー・フレーム,1
代替: 熱融合フレーム,消費,ヘビー・モジュラー・フレーム,1
代替: 熱融合フレーム,消費,アルミのインゴット,50
代替: 熱融合フレーム,消費,硝酸,8
代替: 熱融合フレーム,消費,燃料,10
代替: 廃重油,制作,廃重油,4
代替: 廃重油,消費,合成樹脂,2
代替: 廃重油,消費,原油,3
代替: 被覆ケーブル,制作,ケーブル,9
代替: 被覆ケーブル,消費,ワイヤー,5
代替: 被覆ケーブル,消費,廃重油,2
代替: 被覆型ヘビー・フレーム,制作,ヘビー・モジュラー・フレーム,3
代替: 被覆型ヘビー・フレーム,消費,モジュラー・フレーム,8
代替: 被覆型ヘビー・フレーム,消費,コンクリート被覆型鋼梁,10
代替: 被覆型ヘビー・フレーム,消費,鋼管,36
代替: 被覆型ヘビー・フレーム,消費,コンクリート,22
代替: 被覆鉄板,制作,鉄板,15
代替: 被覆鉄板,消費,鉄のインゴット,10
代替: 被覆鉄板,消費,プラスチック,2
代替: 被覆鉄板容器,制作,空の容器,4
代替: 被覆鉄板容器,消費,鉄板,2
代替: 被覆鉄板容器,消費,銅板,1
代替: 標準の鉄のインゴット,制作,鉄のインゴット,10
代替: 標準の鉄のインゴット,消費,鉄鉱石,5
代替: 標準の鉄のインゴット,消費,石灰岩,8
代替: 縫合鉄板,制作,強化鉄板,3
代替: 縫合鉄板,消費,鉄板,10
代替: 縫合鉄板,消費,ワイヤー,20
代替: 無線制御システム,制作,無線制御ユニット,3
代替: 無線制御システム,消費,水晶発振器,1
代替: 無線制御システム,消費,回路基板,10
代替: 無線制御システム,消費,アルミ筐体,60
代替: 無線制御システム,消費,ゴム,30
代替: 無線接続ユニット,制作,無線制御ユニット,1
代替: 無線接続ユニット,消費,ヒートシンク,4
代替: 無線接続ユニット,消費,高速コネクター,2
代替: 無線接続ユニット,消費,石英結晶,12
代替: 木炭,制作,石炭,10
代替: 木炭,消費,木,1
代替: 融合石英結晶,制作,石英結晶,18
代替: 融合石英結晶,消費,未加工石英,25
代替: 融合石英結晶,消費,石炭,12
代替: 容器入り希釈燃料,制作,包装済み燃料,2
代替: 容器入り希釈燃料,消費,廃重油,1
代替: 容器入り希釈燃料,消費,包装済み水,2
代替: 溶融クイックワイヤー,制作,クイックワイヤー,12
代替: 溶融クイックワイヤー,消費,カテリウムのインゴット,1
代替: 溶融クイックワイヤー,消費,銅のインゴット,5
代替: 溶融ワイヤー,制作,ワイヤー,30
代替: 溶融ワイヤー,消費,銅のインゴット,4
代替: 溶融ワイヤー,消費,カテリウムのインゴット,1
代替: 冷却装置,制作,冷却システム,2
代替: 冷却装置,消費,ヒートシンク,5
代替: 冷却装置,消費,モーター,1
代替: 冷却装置,消費,窒素ガス,24
代替: 廉価シリカ,制作,シリカ,7
代替: 廉価シリカ,消費,未加工石英,3
代替: 廉価シリカ,消費,石灰岩,5
弾道ワープドライブ,制作,弾道ワープドライブ,1
弾道ワープドライブ,消費,熱推進型ロケット,1
弾道ワープドライブ,消費,シンギュラリティセル,5
弾道ワープドライブ,消費,重ね合わせ発振器,2
弾道ワープドライブ,消費,ダークマターの結晶,40
窒素ガス・容器取り出し,制作,窒素ガス,4
窒素ガス・容器取り出し,制作,空の液体タンク,1
窒素ガス・容器取り出し,消費,包装済み窒素ガス,1
窒素ガス（カテリウム）,制作,窒素ガス,12
窒素ガス（カテリウム）,消費,活性SAM,1
窒素ガス（カテリウム）,消費,カテリウム鉱石,12
窒素ガス（ボーキサイト）,制作,窒素ガス,12
窒素ガス（ボーキサイト）,消費,活性SAM,1
窒素ガス（ボーキサイト）,消費,ボーキサイト,10
鉄のインゴット,制作,鉄のインゴット,1
鉄のインゴット,消費,鉄鉱石,1
鉄のロッド,制作,鉄のロッド,1
鉄のロッド,消費,鉄のインゴット,1
鉄筋,制作,鉄筋,1
鉄筋,消費,鉄のロッド,1
鉄鉱石（石灰岩）,制作,鉄鉱石,12
鉄鉱石（石灰岩）,消費,活性SAM,1
鉄鉱石（石灰岩）,消費,石灰岩,24
鉄板,制作,鉄板,2
鉄板,消費,鉄のインゴット,3
電磁制御棒,制作,電磁制御棒,2
電磁制御棒,消費,固定子,3
電磁制御棒,消費,AIリミッター,2
銅のインゴット,制作,銅のインゴット,1
銅のインゴット,消費,銅鉱石,1
銅鉱石（石英）,制作,銅鉱石,12
銅鉱石（石英）,消費,活性SAM,1
銅鉱石（石英）,消費,未加工石英,10
銅鉱石（硫黄）,制作,銅鉱石,12
銅鉱石（硫黄）,消費,活性SAM,1
銅鉱石（硫黄）,消費,硫黄,12
銅板,制作,銅板,1
銅板,消費,銅のインゴット,2
銅粉,制作,銅粉,5
銅粉,消費,銅のインゴット,30
熱推進型ロケット,制作,熱推進型ロケット,2
熱推進型ロケット,消費,モジュラーエンジン,5
熱推進型ロケット,消費,ターボ・モーター,2
熱推進型ロケット,消費,冷却システム,6
熱推進型ロケット,消費,溶融モジュラー・フレーム,2
燃料,制作,燃料,4
燃料,消費,合成樹脂,3
燃料,消費,原油,6
破砕鉄筋,制作,破砕鉄筋,1
破砕鉄筋,消費,鉄筋,2
破砕鉄筋,消費,石英結晶,3
爆砕鉄筋,制作,爆砕鉄筋,1
爆砕鉄筋,消費,鉄筋,2
爆砕鉄筋,消費,無煙火薬,2
爆砕鉄筋,消費,鋼管,2
被覆型ウラン･セル,制作,被覆型ウラン･セル,5
被覆型ウラン･セル,消費,硫酸,2
被覆型ウラン･セル,消費,ウラン,10
被覆型ウラン･セル,消費,コンクリート,3
被覆型ウラン･セル,消費,硫酸,8
被覆型プルトニウム・セル,制作,被覆型プルトニウム・セル,1
被覆型プルトニウム・セル,消費,プルトニウム・ペレット,2
被覆型プルトニウム・セル,消費,コンクリート,4
非分裂性ウラン,制作,非分裂性ウラン,20
非分裂性ウラン,消費,水,6
非分裂性ウラン,消費,ウラン廃棄物,15
非分裂性ウラン,消費,シリカ,10
非分裂性ウラン,消費,硝酸,6
布地,制作,布地,1
布地,消費,菌糸,1
布地,消費,バイオマス,5
包装済みアルミナ溶液,制作,包装済みアルミナ溶液,2
包装済みアルミナ溶液,消費,アルミナ溶液,2
包装済みアルミナ溶液,消費,空の容器,2
包装済みイオン燃料,制作,包装済みイオン燃料,2
包装済みイオン燃料,消費,イオン燃料,4
包装済みイオン燃料,消費,空の液体タンク,2
包装済みロケット燃料,制作,包装済みロケット燃料,1
包装済みロケット燃料,消費,ロケット燃料,2
包装済みロケット燃料,消費,空の液体タンク,1
包装済み液体バイオ燃料,制作,包装済み液体バイオ燃料,2
包装済み液体バイオ燃料,消費,液体バイオ燃料,2
包装済み液体バイオ燃料,消費,空の容器,2
包装済み原油,制作,包装済み原油,2
包装済み原油,消費,原油,2
包装済み原油,消費,空の容器,2
包装済み硝酸,制作,包装済み硝酸,1
包装済み硝酸,消費,硝酸,1
包装済み硝酸,消費,空の液体タンク,1
包装済み水,制作,包装済み水,2
包装済み水,消費,水,2
包装済み水,消費,空の容器,2
包装済み窒素ガス,制作,包装済み窒素ガス,1
包装済み窒素ガス,消費,窒素ガス,4
包装済み窒素ガス,消費,空の液体タンク,1
包装済み燃料,制作,包装済み燃料,2
包装済み燃料,消費,燃料,2
包装済み燃料,消費,空の容器,2
包装済み廃重油,制作,包装済み廃重油,2
包装済み廃重油,消費,廃重油,2
包装済み廃重油,消費,空の容器,2
包装済み硫酸,制作,包装済み硫酸,2
包装済み硫酸,消費,硫酸,2
包装済み硫酸,消費,空の容器,2
未加工石英（ボーキサイト）,制作,未加工石英,12
未加工石英（ボーキサイト）,消費,活性SAM,1
未加工石英（ボーキサイト）,消費,ボーキサイト,10
未加工石英（石炭）,制作,未加工石英,12
未加工石英（石炭）,消費,活性SAM,1
未加工石英（石炭）,消費,石炭,24
未包装アルミナ溶液,制作,アルミナ溶液,2
未包装アルミナ溶液,制作,空の容器,2
未包装アルミナ溶液,消費,包装済みアルミナ溶液,2
未包装ターボ燃料,制作,ターボ燃料,2
未包装ターボ燃料,制作,空の容器,2
未包装ターボ燃料,消費,容器入りターボ燃料,2
未包装液体バイオ燃料,制作,液体バイオ燃料,2
未包装液体バイオ燃料,制作,空の容器,2
未包装液体バイオ燃料,消費,包装済み液体バイオ燃料,2
未包装硝酸,制作,硝酸,1
未包装硝酸,制作,空の液体タンク,1
未包装硝酸,消費,包装済み硝酸,1
未包装燃料,制作,燃料,2
未包装燃料,制作,空の容器,2
未包装燃料,消費,包装済み燃料,2
未包装廃重油,制作,廃重油,2
未包装廃重油,制作,空の容器,2
未包装廃重油,消費,包装済み廃重油,2
未包装硫酸,制作,硫酸,1
未包装硫酸,制作,空の容器,1
未包装硫酸,消費,包装済み硫酸,1
無煙火薬,制作,無煙火薬,2
無煙火薬,消費,黒色火薬,2
無煙火薬,消費,廃重油,1
無線制御ユニット,制作,無線制御ユニット,2
無線制御ユニット,消費,アルミ筐体,32
無線制御ユニット,消費,水晶発振器,1
無線制御ユニット,消費,コンピューター,2
容器入りターボ燃料,制作,容器入りターボ燃料,2
容器入りターボ燃料,消費,ターボ燃料,2
容器入りターボ燃料,消費,空の容器,2
溶融モジュラー・フレーム,制作,溶融モジュラー・フレーム,1
溶融モジュラー・フレーム,消費,ヘビー・モジュラー・フレーム,1
溶融モジュラー・フレーム,消費,アルミ筐体,50
溶融モジュラー・フレーム,消費,窒素ガス,25
硫黄（石炭）,制作,硫黄,12
硫黄（石炭）,消費,活性SAM,1
硫黄（石炭）,消費,石炭,20
硫黄（鉄）,制作,硫黄,12
硫黄（鉄）,消費,活性SAM,1
硫黄（鉄）,消費,鉄鉱石,30
硫酸,制作,硫酸,5
硫酸,消費,硫黄,5
硫酸,消費,水,5
冷却システム,制作,冷却システム,1
冷却システム,消費,ヒートシンク,2
冷却システム,消費,ゴム,2
冷却システム,消費,水,5
冷却システム,消費,窒素ガス,25
励起フォトニック物質,制作,励起フォトニック物質,10
鉄鉱石,生産,鉄鉱石,1
石灰岩,生産,石灰岩,1
銅鉱石,生産,銅鉱石,1
カテリウム鉱石,生産,カテリウム鉱石,1
石炭,生産,石炭,1
原油,生産,原油,2
硫黄,生産,硫黄,1
ボーキサイト,生産,ボーキサイト,1
未加工石英,生産,未加工石英,1
ウラン,生産,ウラン,1
SAM,生産,SAM,1
水,生産,水,2